initial_state_mean,transition_matrix,observation_matrix,process_noise_covariance,observation_noise_covariance,initial_covariance,residual_mean,residual_std,covariance_diff
[0. 0. 0.],"[[1. 0. 0.]
 [0. 1. 0.]
 [0. 0. 1.]]","[[1. 0. 0.]
 [0. 1. 0.]
 [0. 0. 1.]]","[[0.01 0.   0.  ]
 [0.   0.01 0.  ]
 [0.   0.   0.01]]","[[0.1 0.  0. ]
 [0.  0.1 0. ]
 [0.  0.  0.1]]","[[0.1 0.  0. ]
 [0.  0.1 0. ]
 [0.  0.  0.1]]",0.0022903996891292934,0.508149667028678,0.0
[0. 0. 0.],"[[1. 0. 0.]
 [0. 1. 0.]
 [0. 0. 1.]]","[[1. 0. 0.]
 [0. 1. 0.]
 [0. 0. 1.]]","[[0.01 0.   0.  ]
 [0.   0.01 0.  ]
 [0.   0.   0.01]]","[[0.1 0.  0. ]
 [0.  0.1 0. ]
 [0.  0.  0.1]]","[[1. 0. 0.]
 [0. 1. 0.]
 [0. 0. 1.]]",0.0023663805516800866,0.5080933665230871,0.001295254315632127
[0. 0. 0.],"[[1. 0. 0.]
 [0. 1. 0.]
 [0. 0. 1.]]","[[1. 0. 0.]
 [0. 1. 0.]
 [0. 0. 1.]]","[[0.01 0.   0.  ]
 [0.   0.01 0.  ]
 [0.   0.   0.01]]","[[0.5 0.  0. ]
 [0.  0.5 0. ]
 [0.  0.  0.5]]","[[0.1 0.  0. ]
 [0.  0.1 0. ]
 [0.  0.  0.1]]",0.0017082480878071612,0.5600770667641785,0.8524060737562769
[0. 0. 0.],"[[1. 0. 0.]
 [0. 1. 0.]
 [0. 0. 1.]]","[[1. 0. 0.]
 [0. 1. 0.]
 [0. 0. 1.]]","[[0.01 0.   0.  ]
 [0.   0.01 0.  ]
 [0.   0.   0.01]]","[[0.5 0.  0. ]
 [0.  0.5 0. ]
 [0.  0.  0.5]]","[[1. 0. 0.]
 [0. 1. 0.]
 [0. 0. 1.]]",0.0017595176947008985,0.5600086393590215,0.0015276845453586223
[0. 0. 0.],"[[1. 0. 0.]
 [0. 1. 0.]
 [0. 0. 1.]]","[[1. 0. 0.]
 [0. 1. 0.]
 [0. 0. 1.]]","[[0.1 0.  0. ]
 [0.  0.1 0. ]
 [0.  0.  0.1]]","[[0.1 0.  0. ]
 [0.  0.1 0. ]
 [0.  0.  0.1]]","[[0.1 0.  0. ]
 [0.  0.1 0. ]
 [0.  0.  0.1]]",0.0018231885410340946,0.4157071505921237,2.154666938193931
[0. 0. 0.],"[[1. 0. 0.]
 [0. 1. 0.]
 [0. 0. 1.]]","[[1. 0. 0.]
 [0. 1. 0.]
 [0. 0. 1.]]","[[0.1 0.  0. ]
 [0.  0.1 0. ]
 [0.  0.  0.1]]","[[0.1 0.  0. ]
 [0.  0.1 0. ]
 [0.  0.  0.1]]","[[1. 0. 0.]
 [0. 1. 0.]
 [0. 0. 1.]]",0.001918759777735765,0.41574914528454887,0.0004473264992221344
[0. 0. 0.],"[[1. 0. 0.]
 [0. 1. 0.]
 [0. 0. 1.]]","[[1. 0. 0.]
 [0. 1. 0.]
 [0. 0. 1.]]","[[0.1 0.  0. ]
 [0.  0.1 0. ]
 [0.  0.  0.1]]","[[0.5 0.  0. ]
 [0.  0.5 0. ]
 [0.  0.  0.5]]","[[0.1 0.  0. ]
 [0.  0.1 0. ]
 [0.  0.  0.1]]",0.0019971626080369015,0.4331047387839643,0.21753511370515086
[0. 0. 0.],"[[1. 0. 0.]
 [0. 1. 0.]
 [0. 0. 1.]]","[[1. 0. 0.]
 [0. 1. 0.]
 [0. 0. 1.]]","[[0.1 0.  0. ]
 [0.  0.1 0. ]
 [0.  0.  0.1]]","[[0.5 0.  0. ]
 [0.  0.5 0. ]
 [0.  0.  0.5]]","[[1. 0. 0.]
 [0. 1. 0.]
 [0. 0. 1.]]",0.0020999164557352202,0.4331172233392962,0.0006738983632539863
[0. 0. 0.],"[[1. 0. 0.]
 [0. 1. 0.]
 [0. 0. 1.]]","[[0.9 0.  0. ]
 [0.  0.9 0. ]
 [0.  0.  0.9]]","[[0.01 0.   0.  ]
 [0.   0.01 0.  ]
 [0.   0.   0.01]]","[[0.1 0.  0. ]
 [0.  0.1 0. ]
 [0.  0.  0.1]]","[[0.1 0.  0. ]
 [0.  0.1 0. ]
 [0.  0.  0.1]]",0.006093223128458656,0.5185122299386296,1.1595490104122164
[0. 0. 0.],"[[1. 0. 0.]
 [0. 1. 0.]
 [0. 0. 1.]]","[[0.9 0.  0. ]
 [0.  0.9 0. ]
 [0.  0.  0.9]]","[[0.01 0.   0.  ]
 [0.   0.01 0.  ]
 [0.   0.   0.01]]","[[0.1 0.  0. ]
 [0.  0.1 0. ]
 [0.  0.  0.1]]","[[1. 0. 0.]
 [0. 1. 0.]
 [0. 0. 1.]]",0.006188869217529811,0.5184402896814267,0.0021661145740460427
[0. 0. 0.],"[[1. 0. 0.]
 [0. 1. 0.]
 [0. 0. 1.]]","[[0.9 0.  0. ]
 [0.  0.9 0. ]
 [0.  0.  0.9]]","[[0.01 0.   0.  ]
 [0.   0.01 0.  ]
 [0.   0.   0.01]]","[[0.5 0.  0. ]
 [0.  0.5 0. ]
 [0.  0.  0.5]]","[[0.1 0.  0. ]
 [0.  0.1 0. ]
 [0.  0.  0.1]]",0.005059971760424278,0.5737952874891313,1.1255683864004082
[0. 0. 0.],"[[1. 0. 0.]
 [0. 1. 0.]
 [0. 0. 1.]]","[[0.9 0.  0. ]
 [0.  0.9 0. ]
 [0.  0.  0.9]]","[[0.01 0.   0.  ]
 [0.   0.01 0.  ]
 [0.   0.   0.01]]","[[0.5 0.  0. ]
 [0.  0.5 0. ]
 [0.  0.  0.5]]","[[1. 0. 0.]
 [0. 1. 0.]
 [0. 0. 1.]]",0.0051129956880157515,0.5737465744626179,0.0020130363901223487
[0. 0. 0.],"[[1. 0. 0.]
 [0. 1. 0.]
 [0. 0. 1.]]","[[0.9 0.  0. ]
 [0.  0.9 0. ]
 [0.  0.  0.9]]","[[0.1 0.  0. ]
 [0.  0.1 0. ]
 [0.  0.  0.1]]","[[0.1 0.  0. ]
 [0.  0.1 0. ]
 [0.  0.  0.1]]","[[0.1 0.  0. ]
 [0.  0.1 0. ]
 [0.  0.  0.1]]",0.0056951822159787965,0.4093603762908945,3.011128134826299
[0. 0. 0.],"[[1. 0. 0.]
 [0. 1. 0.]
 [0. 0. 1.]]","[[0.9 0.  0. ]
 [0.  0.9 0. ]
 [0.  0.  0.9]]","[[0.1 0.  0. ]
 [0.  0.1 0. ]
 [0.  0.  0.1]]","[[0.1 0.  0. ]
 [0.  0.1 0. ]
 [0.  0.  0.1]]","[[1. 0. 0.]
 [0. 1. 0.]
 [0. 0. 1.]]",0.005825722169462595,0.4094242533344792,0.0006996639314336904
[0. 0. 0.],"[[1. 0. 0.]
 [0. 1. 0.]
 [0. 0. 1.]]","[[0.9 0.  0. ]
 [0.  0.9 0. ]
 [0.  0.  0.9]]","[[0.1 0.  0. ]
 [0.  0.1 0. ]
 [0.  0.  0.1]]","[[0.5 0.  0. ]
 [0.  0.5 0. ]
 [0.  0.  0.5]]","[[0.1 0.  0. ]
 [0.  0.1 0. ]
 [0.  0.  0.1]]",0.0058873723603764,0.4294036736639711,0.30827713042993216
[0. 0. 0.],"[[1. 0. 0.]
 [0. 1. 0.]
 [0. 0. 1.]]","[[0.9 0.  0. ]
 [0.  0.9 0. ]
 [0.  0.  0.9]]","[[0.1 0.  0. ]
 [0.  0.1 0. ]
 [0.  0.  0.1]]","[[0.5 0.  0. ]
 [0.  0.5 0. ]
 [0.  0.  0.5]]","[[1. 0. 0.]
 [0. 1. 0.]
 [0. 0. 1.]]",0.006024743736441807,0.4294255215141646,0.0011048332580839125
[0. 0. 0.],"[[0.95 0.   0.  ]
 [0.   0.95 0.  ]
 [0.   0.   0.95]]","[[1. 0. 0.]
 [0. 1. 0.]
 [0. 0. 1.]]","[[0.01 0.   0.  ]
 [0.   0.01 0.  ]
 [0.   0.   0.01]]","[[0.1 0.  0. ]
 [0.  0.1 0. ]
 [0.  0.  0.1]]","[[0.1 0.  0. ]
 [0.  0.1 0. ]
 [0.  0.  0.1]]",-0.0018834986396505703,0.4845104832997082,2.4892366670863573
[0. 0. 0.],"[[0.95 0.   0.  ]
 [0.   0.95 0.  ]
 [0.   0.   0.95]]","[[1. 0. 0.]
 [0. 1. 0.]
 [0. 0. 1.]]","[[0.01 0.   0.  ]
 [0.   0.01 0.  ]
 [0.   0.   0.01]]","[[0.1 0.  0. ]
 [0.  0.1 0. ]
 [0.  0.  0.1]]","[[1. 0. 0.]
 [0. 1. 0.]
 [0. 0. 1.]]",-0.0017899785268372156,0.4844952169040872,0.0008439617343933852
[0. 0. 0.],"[[0.95 0.   0.  ]
 [0.   0.95 0.  ]
 [0.   0.   0.95]]","[[1. 0. 0.]
 [0. 1. 0.]
 [0. 0. 1.]]","[[0.01 0.   0.  ]
 [0.   0.01 0.  ]
 [0.   0.   0.01]]","[[0.5 0.  0. ]
 [0.  0.5 0. ]
 [0.  0.  0.5]]","[[0.1 0.  0. ]
 [0.  0.1 0. ]
 [0.  0.  0.1]]",-0.0033292065237038883,0.5224070546852182,0.6153879663698032
[0. 0. 0.],"[[0.95 0.   0.  ]
 [0.   0.95 0.  ]
 [0.   0.   0.95]]","[[1. 0. 0.]
 [0. 1. 0.]
 [0. 0. 1.]]","[[0.01 0.   0.  ]
 [0.   0.01 0.  ]
 [0.   0.   0.01]]","[[0.5 0.  0. ]
 [0.  0.5 0. ]
 [0.  0.  0.5]]","[[1. 0. 0.]
 [0. 1. 0.]
 [0. 0. 1.]]",-0.003239217508177836,0.5223572283331616,0.0014165816208782554
[0. 0. 0.],"[[0.95 0.   0.  ]
 [0.   0.95 0.  ]
 [0.   0.   0.95]]","[[1. 0. 0.]
 [0. 1. 0.]
 [0. 0. 1.]]","[[0.1 0.  0. ]
 [0.  0.1 0. ]
 [0.  0.  0.1]]","[[0.1 0.  0. ]
 [0.  0.1 0. ]
 [0.  0.  0.1]]","[[0.1 0.  0. ]
 [0.  0.1 0. ]
 [0.  0.  0.1]]",-0.0005857254861231537,0.4146868037445003,1.6199859294103638
[0. 0. 0.],"[[0.95 0.   0.  ]
 [0.   0.95 0.  ]
 [0.   0.   0.95]]","[[1. 0. 0.]
 [0. 1. 0.]
 [0. 0. 1.]]","[[0.1 0.  0. ]
 [0.  0.1 0. ]
 [0.  0.  0.1]]","[[0.1 0.  0. ]
 [0.  0.1 0. ]
 [0.  0.  0.1]]","[[1. 0. 0.]
 [0. 1. 0.]
 [0. 0. 1.]]",-0.0004895224921724847,0.41474085344205164,0.000365330586801516
[0. 0. 0.],"[[0.95 0.   0.  ]
 [0.   0.95 0.  ]
 [0.   0.   0.95]]","[[1. 0. 0.]
 [0. 1. 0.]
 [0. 0. 1.]]","[[0.1 0.  0. ]
 [0.  0.1 0. ]
 [0.  0.  0.1]]","[[0.5 0.  0. ]
 [0.  0.5 0. ]
 [0.  0.  0.5]]","[[0.1 0.  0. ]
 [0.  0.1 0. ]
 [0.  0.  0.1]]",-0.0007303985130941063,0.42882603609097014,0.1834142351383444
[0. 0. 0.],"[[0.95 0.   0.  ]
 [0.   0.95 0.  ]
 [0.   0.   0.95]]","[[1. 0. 0.]
 [0. 1. 0.]
 [0. 0. 1.]]","[[0.1 0.  0. ]
 [0.  0.1 0. ]
 [0.  0.  0.1]]","[[0.5 0.  0. ]
 [0.  0.5 0. ]
 [0.  0.  0.5]]","[[1. 0. 0.]
 [0. 1. 0.]
 [0. 0. 1.]]",-0.0006216940226848091,0.4288648265266191,0.00047279983600148325
[0. 0. 0.],"[[0.95 0.   0.  ]
 [0.   0.95 0.  ]
 [0.   0.   0.95]]","[[0.9 0.  0. ]
 [0.  0.9 0. ]
 [0.  0.  0.9]]","[[0.01 0.   0.  ]
 [0.   0.01 0.  ]
 [0.   0.   0.01]]","[[0.1 0.  0. ]
 [0.  0.1 0. ]
 [0.  0.  0.1]]","[[0.1 0.  0. ]
 [0.  0.1 0. ]
 [0.  0.  0.1]]",0.001106573816802181,0.4832414281192324,1.0414335523506113
[0. 0. 0.],"[[0.95 0.   0.  ]
 [0.   0.95 0.  ]
 [0.   0.   0.95]]","[[0.9 0.  0. ]
 [0.  0.9 0. ]
 [0.  0.  0.9]]","[[0.01 0.   0.  ]
 [0.   0.01 0.  ]
 [0.   0.   0.01]]","[[0.1 0.  0. ]
 [0.  0.1 0. ]
 [0.  0.  0.1]]","[[1. 0. 0.]
 [0. 1. 0.]
 [0. 0. 1.]]",0.0012303071750465887,0.48322692466874523,0.0014031152478947762
[0. 0. 0.],"[[0.95 0.   0.  ]
 [0.   0.95 0.  ]
 [0.   0.   0.95]]","[[0.9 0.  0. ]
 [0.  0.9 0. ]
 [0.  0.  0.9]]","[[0.01 0.   0.  ]
 [0.   0.01 0.  ]
 [0.   0.   0.01]]","[[0.5 0.  0. ]
 [0.  0.5 0. ]
 [0.  0.  0.5]]","[[0.1 0.  0. ]
 [0.  0.1 0. ]
 [0.  0.  0.1]]",-0.0007735899665082296,0.5235187639490203,0.8061416502871722
[0. 0. 0.],"[[0.95 0.   0.  ]
 [0.   0.95 0.  ]
 [0.   0.   0.95]]","[[0.9 0.  0. ]
 [0.  0.9 0. ]
 [0.  0.  0.9]]","[[0.01 0.   0.  ]
 [0.   0.01 0.  ]
 [0.   0.   0.01]]","[[0.5 0.  0. ]
 [0.  0.5 0. ]
 [0.  0.  0.5]]","[[1. 0. 0.]
 [0. 1. 0.]
 [0. 0. 1.]]",-0.000658912553989044,0.5234741258927633,0.002073496938601865
[0. 0. 0.],"[[0.95 0.   0.  ]
 [0.   0.95 0.  ]
 [0.   0.   0.95]]","[[0.9 0.  0. ]
 [0.  0.9 0. ]
 [0.  0.  0.9]]","[[0.1 0.  0. ]
 [0.  0.1 0. ]
 [0.  0.  0.1]]","[[0.1 0.  0. ]
 [0.  0.1 0. ]
 [0.  0.  0.1]]","[[0.1 0.  0. ]
 [0.  0.1 0. ]
 [0.  0.  0.1]]",0.002954613077144954,0.4018645641414733,2.2527074612990083
[0. 0. 0.],"[[0.95 0.   0.  ]
 [0.   0.95 0.  ]
 [0.   0.   0.95]]","[[0.9 0.  0. ]
 [0.  0.9 0. ]
 [0.  0.  0.9]]","[[0.1 0.  0. ]
 [0.  0.1 0. ]
 [0.  0.  0.1]]","[[0.1 0.  0. ]
 [0.  0.1 0. ]
 [0.  0.  0.1]]","[[1. 0. 0.]
 [0. 1. 0.]
 [0. 0. 1.]]",0.003086935985332778,0.4019472554169632,0.000561279136988196
[0. 0. 0.],"[[0.95 0.   0.  ]
 [0.   0.95 0.  ]
 [0.   0.   0.95]]","[[0.9 0.  0. ]
 [0.  0.9 0. ]
 [0.  0.  0.9]]","[[0.1 0.  0. ]
 [0.  0.1 0. ]
 [0.  0.  0.1]]","[[0.5 0.  0. ]
 [0.  0.5 0. ]
 [0.  0.  0.5]]","[[0.1 0.  0. ]
 [0.  0.1 0. ]
 [0.  0.  0.1]]",0.002739611765047537,0.41770938695920684,0.2534965329578661
[0. 0. 0.],"[[0.95 0.   0.  ]
 [0.   0.95 0.  ]
 [0.   0.   0.95]]","[[0.9 0.  0. ]
 [0.  0.9 0. ]
 [0.  0.  0.9]]","[[0.1 0.  0. ]
 [0.  0.1 0. ]
 [0.  0.  0.1]]","[[0.5 0.  0. ]
 [0.  0.5 0. ]
 [0.  0.  0.5]]","[[1. 0. 0.]
 [0. 1. 0.]
 [0. 0. 1.]]",0.002886683140628348,0.41776988939256576,0.0007743394373563231
[1. 1. 1.],"[[1. 0. 0.]
 [0. 1. 0.]
 [0. 0. 1.]]","[[1. 0. 0.]
 [0. 1. 0.]
 [0. 0. 1.]]","[[0.01 0.   0.  ]
 [0.   0.01 0.  ]
 [0.   0.   0.01]]","[[0.1 0.  0. ]
 [0.  0.1 0. ]
 [0.  0.  0.1]]","[[0.1 0.  0. ]
 [0.  0.1 0. ]
 [0.  0.  0.1]]",0.002012510829502866,0.5083064486719002,2.0873682344052513
[1. 1. 1.],"[[1. 0. 0.]
 [0. 1. 0.]
 [0. 0. 1.]]","[[1. 0. 0.]
 [0. 1. 0.]
 [0. 0. 1.]]","[[0.01 0.   0.  ]
 [0.   0.01 0.  ]
 [0.   0.   0.01]]","[[0.1 0.  0. ]
 [0.  0.1 0. ]
 [0.  0.  0.1]]","[[1. 0. 0.]
 [0. 1. 0.]
 [0. 0. 1.]]",0.002337953773730233,0.5081170974042704,0.004539886637491823
[1. 1. 1.],"[[1. 0. 0.]
 [0. 1. 0.]
 [0. 0. 1.]]","[[1. 0. 0.]
 [0. 1. 0.]
 [0. 0. 1.]]","[[0.01 0.   0.  ]
 [0.   0.01 0.  ]
 [0.   0.   0.01]]","[[0.5 0.  0. ]
 [0.  0.5 0. ]
 [0.  0.  0.5]]","[[0.1 0.  0. ]
 [0.  0.1 0. ]
 [0.  0.  0.1]]",0.0013599092878527404,0.5606347584676946,0.8607219406577004
[1. 1. 1.],"[[1. 0. 0.]
 [0. 1. 0.]
 [0. 0. 1.]]","[[1. 0. 0.]
 [0. 1. 0.]
 [0. 0. 1.]]","[[0.01 0.   0.  ]
 [0.   0.01 0.  ]
 [0.   0.   0.01]]","[[0.5 0.  0. ]
 [0.  0.5 0. ]
 [0.  0.  0.5]]","[[1. 0. 0.]
 [0. 1. 0.]
 [0. 0. 1.]]",0.0017234795031286344,0.5600937446839254,0.012093208808470117
[1. 1. 1.],"[[1. 0. 0.]
 [0. 1. 0.]
 [0. 0. 1.]]","[[1. 0. 0.]
 [0. 1. 0.]
 [0. 0. 1.]]","[[0.1 0.  0. ]
 [0.  0.1 0. ]
 [0.  0.  0.1]]","[[0.1 0.  0. ]
 [0.  0.1 0. ]
 [0.  0.  0.1]]","[[0.1 0.  0. ]
 [0.  0.1 0. ]
 [0.  0.  0.1]]",0.0015693380918537596,0.415596812879148,2.1559424948835826
[1. 1. 1.],"[[1. 0. 0.]
 [0. 1. 0.]
 [0. 0. 1.]]","[[1. 0. 0.]
 [0. 1. 0.]
 [0. 0. 1.]]","[[0.1 0.  0. ]
 [0.  0.1 0. ]
 [0.  0.  0.1]]","[[0.1 0.  0. ]
 [0.  0.1 0. ]
 [0.  0.  0.1]]","[[1. 0. 0.]
 [0. 1. 0.]
 [0. 0. 1.]]",0.0018923193500912734,0.4157357419295442,0.0013996703711329677
[1. 1. 1.],"[[1. 0. 0.]
 [0. 1. 0.]
 [0. 0. 1.]]","[[1. 0. 0.]
 [0. 1. 0.]
 [0. 0. 1.]]","[[0.1 0.  0. ]
 [0.  0.1 0. ]
 [0.  0.  0.1]]","[[0.5 0.  0. ]
 [0.  0.5 0. ]
 [0.  0.  0.5]]","[[0.1 0.  0. ]
 [0.  0.1 0. ]
 [0.  0.  0.1]]",0.0017168412866718978,0.4330138013926175,0.21789661089139775
[1. 1. 1.],"[[1. 0. 0.]
 [0. 1. 0.]
 [0. 0. 1.]]","[[1. 0. 0.]
 [0. 1. 0.]
 [0. 0. 1.]]","[[0.1 0.  0. ]
 [0.  0.1 0. ]
 [0.  0.  0.1]]","[[0.5 0.  0. ]
 [0.  0.5 0. ]
 [0.  0.  0.5]]","[[1. 0. 0.]
 [0. 1. 0.]
 [0. 0. 1.]]",0.0020708317027300716,0.433113847733294,0.0015463999287940369
[1. 1. 1.],"[[1. 0. 0.]
 [0. 1. 0.]
 [0. 0. 1.]]","[[0.9 0.  0. ]
 [0.  0.9 0. ]
 [0.  0.  0.9]]","[[0.01 0.   0.  ]
 [0.   0.01 0.  ]
 [0.   0.   0.01]]","[[0.1 0.  0. ]
 [0.  0.1 0. ]
 [0.  0.  0.1]]","[[0.1 0.  0. ]
 [0.  0.1 0. ]
 [0.  0.  0.1]]",0.005742271112230366,0.5187269762990386,1.16298237215813
[1. 1. 1.],"[[1. 0. 0.]
 [0. 1. 0.]
 [0. 0. 1.]]","[[0.9 0.  0. ]
 [0.  0.9 0. ]
 [0.  0.  0.9]]","[[0.01 0.   0.  ]
 [0.   0.01 0.  ]
 [0.   0.   0.01]]","[[0.1 0.  0. ]
 [0.  0.1 0. ]
 [0.  0.  0.1]]","[[1. 0. 0.]
 [0. 1. 0.]
 [0. 0. 1.]]",0.006152821707833289,0.5184721135102616,0.007861933337949382
[1. 1. 1.],"[[1. 0. 0.]
 [0. 1. 0.]
 [0. 0. 1.]]","[[0.9 0.  0. ]
 [0.  0.9 0. ]
 [0.  0.  0.9]]","[[0.01 0.   0.  ]
 [0.   0.01 0.  ]
 [0.   0.   0.01]]","[[0.5 0.  0. ]
 [0.  0.5 0. ]
 [0.  0.  0.5]]","[[0.1 0.  0. ]
 [0.  0.1 0. ]
 [0.  0.  0.1]]",0.004603565483139232,0.5745291317045075,1.13908456039129
[1. 1. 1.],"[[1. 0. 0.]
 [0. 1. 0.]
 [0. 0. 1.]]","[[0.9 0.  0. ]
 [0.  0.9 0. ]
 [0.  0.  0.9]]","[[0.01 0.   0.  ]
 [0.   0.01 0.  ]
 [0.   0.   0.01]]","[[0.5 0.  0. ]
 [0.  0.5 0. ]
 [0.  0.  0.5]]","[[1. 0. 0.]
 [0. 1. 0.]
 [0. 0. 1.]]",0.0050651862416168794,0.5738559542121575,0.0191836730427416
[1. 1. 1.],"[[1. 0. 0.]
 [0. 1. 0.]
 [0. 0. 1.]]","[[0.9 0.  0. ]
 [0.  0.9 0. ]
 [0.  0.  0.9]]","[[0.1 0.  0. ]
 [0.  0.1 0. ]
 [0.  0.  0.1]]","[[0.1 0.  0. ]
 [0.  0.1 0. ]
 [0.  0.  0.1]]","[[0.1 0.  0. ]
 [0.  0.1 0. ]
 [0.  0.  0.1]]",0.005382868241289792,0.4092107273412402,3.0130398440249397
[1. 1. 1.],"[[1. 0. 0.]
 [0. 1. 0.]
 [0. 0. 1.]]","[[0.9 0.  0. ]
 [0.  0.9 0. ]
 [0.  0.  0.9]]","[[0.1 0.  0. ]
 [0.  0.1 0. ]
 [0.  0.  0.1]]","[[0.1 0.  0. ]
 [0.  0.1 0. ]
 [0.  0.  0.1]]","[[1. 0. 0.]
 [0. 1. 0.]
 [0. 0. 1.]]",0.005792924123881748,0.40940663346619405,0.0019910880883026775
[1. 1. 1.],"[[1. 0. 0.]
 [0. 1. 0.]
 [0. 0. 1.]]","[[0.9 0.  0. ]
 [0.  0.9 0. ]
 [0.  0.  0.9]]","[[0.1 0.  0. ]
 [0.  0.1 0. ]
 [0.  0.  0.1]]","[[0.5 0.  0. ]
 [0.  0.5 0. ]
 [0.  0.  0.5]]","[[0.1 0.  0. ]
 [0.  0.1 0. ]
 [0.  0.  0.1]]",0.005543390243237339,0.429283140452729,0.3087890810975264
[1. 1. 1.],"[[1. 0. 0.]
 [0. 1. 0.]
 [0. 0. 1.]]","[[0.9 0.  0. ]
 [0.  0.9 0. ]
 [0.  0.  0.9]]","[[0.1 0.  0. ]
 [0.  0.1 0. ]
 [0.  0.  0.1]]","[[0.5 0.  0. ]
 [0.  0.5 0. ]
 [0.  0.  0.5]]","[[1. 0. 0.]
 [0. 1. 0.]
 [0. 0. 1.]]",0.005988798694967925,0.4294215948945785,0.002305100068249141
[1. 1. 1.],"[[0.95 0.   0.  ]
 [0.   0.95 0.  ]
 [0.   0.   0.95]]","[[1. 0. 0.]
 [0. 1. 0.]
 [0. 0. 1.]]","[[0.01 0.   0.  ]
 [0.   0.01 0.  ]
 [0.   0.   0.01]]","[[0.1 0.  0. ]
 [0.  0.1 0. ]
 [0.  0.  0.1]]","[[0.1 0.  0. ]
 [0.  0.1 0. ]
 [0.  0.  0.1]]",-0.002154859650906939,0.4845318426701113,2.4900381697893947
[1. 1. 1.],"[[0.95 0.   0.  ]
 [0.   0.95 0.  ]
 [0.   0.   0.95]]","[[1. 0. 0.]
 [0. 1. 0.]
 [0. 0. 1.]]","[[0.01 0.   0.  ]
 [0.   0.01 0.  ]
 [0.   0.   0.01]]","[[0.1 0.  0. ]
 [0.  0.1 0. ]
 [0.  0.  0.1]]","[[1. 0. 0.]
 [0. 1. 0.]
 [0. 0. 1.]]",-0.0018182245597726779,0.48450114703906816,0.0024347468040020847
[1. 1. 1.],"[[0.95 0.   0.  ]
 [0.   0.95 0.  ]
 [0.   0.   0.95]]","[[1. 0. 0.]
 [0. 1. 0.]
 [0. 0. 1.]]","[[0.01 0.   0.  ]
 [0.   0.01 0.  ]
 [0.   0.   0.01]]","[[0.5 0.  0. ]
 [0.  0.5 0. ]
 [0.  0.  0.5]]","[[0.1 0.  0. ]
 [0.  0.1 0. ]
 [0.  0.  0.1]]",-0.0036643895782250027,0.5226337360938205,0.6188541408625923
[1. 1. 1.],"[[0.95 0.   0.  ]
 [0.   0.95 0.  ]
 [0.   0.   0.95]]","[[1. 0. 0.]
 [0. 1. 0.]
 [0. 0. 1.]]","[[0.01 0.   0.  ]
 [0.   0.01 0.  ]
 [0.   0.   0.01]]","[[0.5 0.  0. ]
 [0.  0.5 0. ]
 [0.  0.  0.5]]","[[1. 0. 0.]
 [0. 1. 0.]
 [0. 0. 1.]]",-0.0032748243676957688,0.5223954736493792,0.006428660378436738
[1. 1. 1.],"[[0.95 0.   0.  ]
 [0.   0.95 0.  ]
 [0.   0.   0.95]]","[[1. 0. 0.]
 [0. 1. 0.]
 [0. 0. 1.]]","[[0.1 0.  0. ]
 [0.  0.1 0. ]
 [0.  0.  0.1]]","[[0.1 0.  0. ]
 [0.  0.1 0. ]
 [0.  0.  0.1]]","[[0.1 0.  0. ]
 [0.  0.1 0. ]
 [0.  0.  0.1]]",-0.0008320722335407239,0.41455691038406456,1.620752060774608
[1. 1. 1.],"[[0.95 0.   0.  ]
 [0.   0.95 0.  ]
 [0.   0.   0.95]]","[[1. 0. 0.]
 [0. 1. 0.]
 [0. 0. 1.]]","[[0.1 0.  0. ]
 [0.  0.1 0. ]
 [0.  0.  0.1]]","[[0.1 0.  0. ]
 [0.  0.1 0. ]
 [0.  0.  0.1]]","[[1. 0. 0.]
 [0. 1. 0.]
 [0. 0. 1.]]",-0.0005152453796749645,0.41472443060957465,0.0011466569070642813
[1. 1. 1.],"[[0.95 0.   0.  ]
 [0.   0.95 0.  ]
 [0.   0.   0.95]]","[[1. 0. 0.]
 [0. 1. 0.]
 [0. 0. 1.]]","[[0.1 0.  0. ]
 [0.  0.1 0. ]
 [0.  0.  0.1]]","[[0.5 0.  0. ]
 [0.  0.5 0. ]
 [0.  0.  0.5]]","[[0.1 0.  0. ]
 [0.  0.1 0. ]
 [0.  0.  0.1]]",-0.0010056639773662604,0.42870048805550964,0.18357357675410932
[1. 1. 1.],"[[0.95 0.   0.  ]
 [0.   0.95 0.  ]
 [0.   0.   0.95]]","[[1. 0. 0.]
 [0. 1. 0.]
 [0. 0. 1.]]","[[0.1 0.  0. ]
 [0.  0.1 0. ]
 [0.  0.  0.1]]","[[0.5 0.  0. ]
 [0.  0.5 0. ]
 [0.  0.  0.5]]","[[1. 0. 0.]
 [0. 1. 0.]
 [0. 0. 1.]]",-0.0006505513373858451,0.4288535841811875,0.00113944265468148
[1. 1. 1.],"[[0.95 0.   0.  ]
 [0.   0.95 0.  ]
 [0.   0.   0.95]]","[[0.9 0.  0. ]
 [0.  0.9 0. ]
 [0.  0.  0.9]]","[[0.01 0.   0.  ]
 [0.   0.01 0.  ]
 [0.   0.   0.01]]","[[0.1 0.  0. ]
 [0.  0.1 0. ]
 [0.  0.  0.1]]","[[0.1 0.  0. ]
 [0.  0.1 0. ]
 [0.  0.  0.1]]",0.0007670220975576274,0.483267113590359,1.0427719327318958
[1. 1. 1.],"[[0.95 0.   0.  ]
 [0.   0.95 0.  ]
 [0.   0.   0.95]]","[[0.9 0.  0. ]
 [0.  0.9 0. ]
 [0.  0.  0.9]]","[[0.01 0.   0.  ]
 [0.   0.01 0.  ]
 [0.   0.   0.01]]","[[0.1 0.  0. ]
 [0.  0.1 0. ]
 [0.  0.  0.1]]","[[1. 0. 0.]
 [0. 1. 0.]
 [0. 0. 1.]]",0.0011946829886489065,0.483234023389836,0.004049721589392507
[1. 1. 1.],"[[0.95 0.   0.  ]
 [0.   0.95 0.  ]
 [0.   0.   0.95]]","[[0.9 0.  0. ]
 [0.  0.9 0. ]
 [0.  0.  0.9]]","[[0.01 0.   0.  ]
 [0.   0.01 0.  ]
 [0.   0.   0.01]]","[[0.5 0.  0. ]
 [0.  0.5 0. ]
 [0.  0.  0.5]]","[[0.1 0.  0. ]
 [0.  0.1 0. ]
 [0.  0.  0.1]]",-0.001201439039381785,0.5238030255953989,0.8115854815505265
[1. 1. 1.],"[[0.95 0.   0.  ]
 [0.   0.95 0.  ]
 [0.   0.   0.95]]","[[0.9 0.  0. ]
 [0.  0.9 0. ]
 [0.  0.  0.9]]","[[0.01 0.   0.  ]
 [0.   0.01 0.  ]
 [0.   0.   0.01]]","[[0.5 0.  0. ]
 [0.  0.5 0. ]
 [0.  0.  0.5]]","[[1. 0. 0.]
 [0. 1. 0.]
 [0. 0. 1.]]",-0.0007049050944266262,0.5235212340065407,0.010279808161315095
[1. 1. 1.],"[[0.95 0.   0.  ]
 [0.   0.95 0.  ]
 [0.   0.   0.95]]","[[0.9 0.  0. ]
 [0.  0.9 0. ]
 [0.  0.  0.9]]","[[0.1 0.  0. ]
 [0.  0.1 0. ]
 [0.  0.  0.1]]","[[0.1 0.  0. ]
 [0.  0.1 0. ]
 [0.  0.  0.1]]","[[0.1 0.  0. ]
 [0.  0.1 0. ]
 [0.  0.  0.1]]",0.002651086371143867,0.4016876191661199,2.253824298038796
[1. 1. 1.],"[[0.95 0.   0.  ]
 [0.   0.95 0.  ]
 [0.   0.   0.95]]","[[0.9 0.  0. ]
 [0.  0.9 0. ]
 [0.  0.  0.9]]","[[0.1 0.  0. ]
 [0.  0.1 0. ]
 [0.  0.  0.1]]","[[0.1 0.  0. ]
 [0.  0.1 0. ]
 [0.  0.  0.1]]","[[1. 0. 0.]
 [0. 1. 0.]
 [0. 0. 1.]]",0.0030549321116843113,0.4019253004184853,0.001618418679198861
[1. 1. 1.],"[[0.95 0.   0.  ]
 [0.   0.95 0.  ]
 [0.   0.   0.95]]","[[0.9 0.  0. ]
 [0.  0.9 0. ]
 [0.  0.  0.9]]","[[0.1 0.  0. ]
 [0.  0.1 0. ]
 [0.  0.  0.1]]","[[0.5 0.  0. ]
 [0.  0.5 0. ]
 [0.  0.  0.5]]","[[0.1 0.  0. ]
 [0.  0.1 0. ]
 [0.  0.  0.1]]",0.002401698318669953,0.4175423744733968,0.25373228127502756
[1. 1. 1.],"[[0.95 0.   0.  ]
 [0.   0.95 0.  ]
 [0.   0.   0.95]]","[[0.9 0.  0. ]
 [0.  0.9 0. ]
 [0.  0.  0.9]]","[[0.1 0.  0. ]
 [0.  0.1 0. ]
 [0.  0.  0.1]]","[[0.5 0.  0. ]
 [0.  0.5 0. ]
 [0.  0.  0.5]]","[[1. 0. 0.]
 [0. 1. 0.]
 [0. 0. 1.]]",0.002850888378833478,0.41775504993733326,0.001710908553856643
